,image_id,case_id,img_file,new_path,coords
263,274,211,/data/cimalab/thyroid/200_1.jpg,data/resized_imgs/img_340,"[array([343, 68, 149, 134], dtype=object), array([112, 60, 123, 139], dtype=object)]"
32,34,24,/data/cimalab/bening/570/1.jpg,data/resized_imgs/img_33,"[array([266, 70, 137, 121], dtype=object)]"
540,557,447,/data/cimalab/thyroid/61_1.jpg,data/resized_imgs/img_693,"[array([378, 85, 118, 86], dtype=object), array([143, 77, 94, 81], dtype=object)]"
3,4,5,/data/cimalab/bening/549/2.jpg,data/resized_imgs/img_4,"[array([258, 95, 69, 53], dtype=object)]"
10,11,8,/data/cimalab/bening/552/1.jpg,data/resized_imgs/img_11,"[array([227, 59, 151, 142], dtype=object)]"
600,618,488,/data/cimalab/thyroid/99_2.jpg,data/resized_imgs/img_778,"[array([222, 48, 125, 139], dtype=object)]"
194,200,151,/data/cimalab/thyroid/146_1.jpg,data/resized_imgs/img_237,"[array([104, 52, 185, 174], dtype=object), array([333, 67, 226, 146], dtype=object)]"
585,603,480,/data/cimalab/thyroid/91_1.jpg,data/resized_imgs/img_758,"[array([225, 58, 121, 58], dtype=object)]"
206,212,162,/data/cimalab/thyroid/156_1.jpg,data/resized_imgs/img_256,"[array([36, 34, 233, 102], dtype=object), array([334, 37, 110, 102], dtype=object)]"
50,52,59,/data/cimalab/bening/606/1.jpg,data/resized_imgs/img_52,"[array([195, 44, 214, 204], dtype=object)]"
209,215,163,/data/cimalab/thyroid/157_2.jpg,data/resized_imgs/img_258,"[array([214, 59, 161, 108], dtype=object)]"
137,140,102,/data/cimalab/thyroid/101_1.jpg,data/resized_imgs/img_143,"[array([164, 124, 62, 85], dtype=object), array([360, 136, 106, 69], dtype=object)]"
436,451,348,/data/cimalab/thyroid/33_1.jpg,data/resized_imgs/img_565,"[array([223, 91, 142, 96], dtype=object)]"
570,588,469,/data/cimalab/thyroid/81_1.jpg,data/resized_imgs/img_737,"[array([283, 108, 83, 60], dtype=object)]"
536,553,443,/data/cimalab/thyroid/58_2.jpg,data/resized_imgs/img_685,"[array([226, 100, 93, 68], dtype=object)]"
599,617,488,/data/cimalab/thyroid/99_1.jpg,data/resized_imgs/img_779,"[array([207, 64, 145, 95], dtype=object)]"
6,7,6,/data/cimalab/bening/550/3.jpg,data/resized_imgs/img_7,"[array([366, 69, 115, 79], dtype=object)]"
27,28,20,/data/cimalab/bening/566/2.jpg,data/resized_imgs/img_28,"[array([244, 123, 82, 68], dtype=object)]"
249,259,198,/data/cimalab/thyroid/189_2.jpg,data/resized_imgs/img_320,"[array([156, 71, 213, 156], dtype=object)]"
409,424,340,/data/cimalab/thyroid/318_1.jpg,data/resized_imgs/img_556,"[array([292, 101, 79, 56], dtype=object)]"
511,527,419,/data/cimalab/thyroid/397_1.jpg,data/resized_imgs/img_662,"[array([297, 127, 99, 81], dtype=object)]"
593,611,484,/data/cimalab/thyroid/95_1.jpg,data/resized_imgs/img_769,"[array([159, 120, 61, 49], dtype=object), array([383, 48, 62, 51], dtype=object)]"
324,339,265,/data/cimalab/thyroid/250_1.jpg,data/resized_imgs/img_441,"[array([125, 140, 88, 71], dtype=object), array([427, 146, 73, 68], dtype=object)]"
167,171,129,/data/cimalab/thyroid/126_1.jpg,data/resized_imgs/img_191,"[array([139, 66, 94, 54], dtype=object), array([361, 59, 81, 58], dtype=object)]"
64,66,76,/data/cimalab/bening/624/1.jpg,data/resized_imgs/img_67,"[array([198, 64, 227, 158], dtype=object)]"
100,102,19,/data/cimalab/maling/565/1.jpg,data/resized_imgs/img_103,"[array([146, 34, 264, 194], dtype=object)]"
329,344,270,/data/cimalab/thyroid/255_1.jpg,data/resized_imgs/img_450,"[array([94, 52, 152, 97], dtype=object), array([325, 47, 186, 100], dtype=object)]"
573,591,471,/data/cimalab/thyroid/83_1.jpg,data/resized_imgs/img_741,"[array([81, 51, 139, 117], dtype=object), array([293, 50, 218, 124], dtype=object)]"
134,137,94,/data/cimalab/maling/644/1.jpg,data/resized_imgs/img_139,"[array([197, 96, 209, 93], dtype=object)]"
199,205,144,/data/cimalab/thyroid/14_1.jpg,data/resized_imgs/img_226,"[array([295, 81, 73, 94], dtype=object), array([217, 79, 69, 37], dtype=object)]"
259,270,208,/data/cimalab/thyroid/199_1.jpg,data/resized_imgs/img_336,"[array([156, 146, 98, 89], dtype=object), array([346, 142, 73, 83], dtype=object)]"
308,323,249,/data/cimalab/thyroid/236_1.jpg,data/resized_imgs/img_412,"[array([97, 20, 145, 146], dtype=object), array([299, 23, 203, 142], dtype=object)]"
348,363,288,/data/cimalab/thyroid/271_1.jpg,data/resized_imgs/img_481,"[array([261, 115, 101, 72], dtype=object)]"
103,105,21,/data/cimalab/maling/567/1.jpg,data/resized_imgs/img_106,"[array([249, 75, 56, 95], dtype=object)]"
247,257,197,/data/cimalab/thyroid/188_1.jpg,data/resized_imgs/img_318,"[array([117, 111, 134, 75], dtype=object), array([367, 88, 102, 87], dtype=object)]"
235,245,186,/data/cimalab/thyroid/178_1.jpg,data/resized_imgs/img_298,"[array([198, 61, 178, 126], dtype=object)]"
48,50,54,/data/cimalab/bening/601/1.jpg,data/resized_imgs/img_50,"[array([331, 83, 110, 90], dtype=object)]"
15,16,15,/data/cimalab/bening/561/2.jpg,data/resized_imgs/img_16,"[array([189, 37, 184, 146], dtype=object)]"
452,467,372,/data/cimalab/thyroid/351_2.jpg,data/resized_imgs/img_599,"[array([226, 83, 73, 73], dtype=object)]"
36,38,28,/data/cimalab/bening/574/1.jpg,data/resized_imgs/img_38,"[array([216, 78, 170, 124], dtype=object)]"
278,291,225,/data/cimalab/thyroid/213_1.jpg,data/resized_imgs/img_365,"[array([284, 42, 161, 144], dtype=object), array([60, 43, 187, 153], dtype=object)]"
287,301,233,/data/cimalab/thyroid/221_1.jpg,data/resized_imgs/img_377,"[array([75, 95, 159, 93], dtype=object), array([338, 90, 103, 93], dtype=object)]"
295,309,239,/data/cimalab/thyroid/227_2.jpg,data/resized_imgs/img_393,"[array([139, 75, 291, 102], dtype=object)]"
588,606,481,/data/cimalab/thyroid/92_3.jpg,data/resized_imgs/img_761,"[array([235, 108, 141, 100], dtype=object)]"
30,31,22,/data/cimalab/bening/568/2.jpg,data/resized_imgs/img_31,"[array([226, 83, 73, 73], dtype=object)]"
580,598,476,/data/cimalab/thyroid/88_2.jpg,data/resized_imgs/img_752,"[array([154, 26, 245, 235], dtype=object)]"
440,455,363,/data/cimalab/thyroid/343_1.jpg,data/resized_imgs/img_587,"[array([181, 64, 177, 171], dtype=object)]"
86,88,8,/data/cimalab/maling/552/2.jpg,data/resized_imgs/img_89,"[array([197, 46, 148, 99], dtype=object)]"
294,308,239,/data/cimalab/thyroid/227_1.jpg,data/resized_imgs/img_391,"[array([36, 32, 244, 106], dtype=object), array([338, 26, 88, 105], dtype=object)]"
571,589,469,/data/cimalab/thyroid/81_2.jpg,data/resized_imgs/img_738,"[array([246, 111, 87, 58], dtype=object)]"
589,607,481,/data/cimalab/thyroid/92_4.jpg,data/resized_imgs/img_760,"[array([236, 107, 143, 100], dtype=object)]"
49,51,58,/data/cimalab/bening/605/1.jpg,data/resized_imgs/img_51,"[array([250, 80, 161, 139], dtype=object)]"
107,110,24,/data/cimalab/maling/570/1.jpg,data/resized_imgs/img_110,"[array([266, 70, 137, 121], dtype=object)]"
191,197,148,/data/cimalab/thyroid/143_1.jpg,data/resized_imgs/img_232,"[array([270, 93, 78, 43], dtype=object)]"
188,193,145,/data/cimalab/thyroid/140_1.jpg,data/resized_imgs/img_228,"[array([245, 119, 84, 73], dtype=object)]"
178,183,138,/data/cimalab/thyroid/134_1.jpg,data/resized_imgs/img_212,"[array([68, 51, 198, 124], dtype=object), array([318, 61, 169, 115], dtype=object)]"
166,170,128,/data/cimalab/thyroid/125_1.jpg,data/resized_imgs/img_189,"[array([345, 114, 96, 82], dtype=object), array([98, 119, 109, 81], dtype=object)]"
74,76,98,/data/cimalab/bening/648/1.jpg,data/resized_imgs/img_77,"[array([150, 37, 276, 252], dtype=object)]"
318,333,259,/data/cimalab/thyroid/245_1.jpg,data/resized_imgs/img_430,"[array([142, 70, 88, 56], dtype=object), array([375, 86, 66, 57], dtype=object)]"
217,224,169,/data/cimalab/thyroid/162_1.jpg,data/resized_imgs/img_270,"[array([367, 78, 84, 98], dtype=object), array([101, 86, 126, 89], dtype=object)]"
319,334,260,/data/cimalab/thyroid/246_1.jpg,data/resized_imgs/img_432,"[array([130, 110, 65, 69], dtype=object), array([377, 105, 91, 60], dtype=object)]"
293,307,238,/data/cimalab/thyroid/226_1.jpg,data/resized_imgs/img_389,"[array([73, 124, 184, 113], dtype=object), array([373, 133, 139, 112], dtype=object)]"
390,405,324,/data/cimalab/thyroid/303_1.jpg,data/resized_imgs/img_534,"[array([202, 113, 128, 86], dtype=object)]"
7,8,7,/data/cimalab/bening/551/1.jpg,data/resized_imgs/img_8,"[array([253, 109, 65, 78], dtype=object)]"
40,42,30,/data/cimalab/bening/576/2.jpg,data/resized_imgs/img_42,"[array([129, 27, 235, 173], dtype=object)]"
405,420,337,/data/cimalab/thyroid/315_2.jpg,data/resized_imgs/img_551,"[array([250, 91, 77, 76], dtype=object)]"
113,116,30,/data/cimalab/maling/576/2.jpg,data/resized_imgs/img_117,"[array([129, 27, 235, 173], dtype=object)]"
534,551,442,/data/cimalab/thyroid/57_1.jpg,data/resized_imgs/img_684,"[array([197, 76, 264, 134], dtype=object)]"
245,255,195,/data/cimalab/thyroid/186_1.jpg,data/resized_imgs/img_314,"[array([138, 119, 76, 58], dtype=object), array([362, 121, 77, 68], dtype=object)]"
533,550,441,/data/cimalab/thyroid/56_1.jpg,data/resized_imgs/img_683,"[array([235, 90, 104, 54], dtype=object)]"
501,516,410,/data/cimalab/thyroid/388_1.jpg,data/resized_imgs/img_652,"[array([175, 51, 215, 242], dtype=object)]"
382,397,316,/data/cimalab/thyroid/297_1.jpg,data/resized_imgs/img_526,"[array([260, 103, 86, 93], dtype=object)]"
174,179,135,/data/cimalab/thyroid/131_1.jpg,data/resized_imgs/img_205,"[array([311, 49, 195, 136], dtype=object), array([40, 75, 228, 146], dtype=object)]"
433,448,357,/data/cimalab/thyroid/338_1.jpg,data/resized_imgs/img_581,"[array([254, 145, 79, 67], dtype=object)]"
162,166,125,/data/cimalab/thyroid/122_1.jpg,data/resized_imgs/img_181,"[array([69, 48, 187, 153], dtype=object), array([317, 66, 169, 164], dtype=object)]"
210,216,164,/data/cimalab/thyroid/158_1.jpg,data/resized_imgs/img_262,"[array([244, 133, 179, 88], dtype=object)]"
204,210,160,/data/cimalab/thyroid/154_1.jpg,data/resized_imgs/img_251,"[array([129, 88, 113, 76], dtype=object), array([348, 113, 129, 72], dtype=object)]"
126,129,76,/data/cimalab/maling/624/1.jpg,data/resized_imgs/img_131,"[array([198, 64, 227, 158], dtype=object)]"
208,214,163,/data/cimalab/thyroid/157_1.jpg,data/resized_imgs/img_259,"[array([118, 59, 126, 104], dtype=object), array([383, 42, 111, 124], dtype=object)]"
322,337,263,/data/cimalab/thyroid/249_1.jpg,data/resized_imgs/img_438,"[array([89, 63, 153, 146], dtype=object), array([319, 60, 175, 143], dtype=object)]"
177,182,137,/data/cimalab/thyroid/133_1.jpg,data/resized_imgs/img_210,"[array([124, 134, 87, 62], dtype=object), array([379, 142, 80, 59], dtype=object)]"
302,317,246,/data/cimalab/thyroid/233_1.jpg,data/resized_imgs/img_404,"[array([195, 39, 162, 153], dtype=object)]"
477,492,390,/data/cimalab/thyroid/368_1.jpg,data/resized_imgs/img_628,"[array([260, 89, 77, 82], dtype=object)]"
442,457,365,/data/cimalab/thyroid/345_1.jpg,data/resized_imgs/img_589,"[array([216, 78, 170, 124], dtype=object)]"
411,426,341,/data/cimalab/thyroid/319_1.jpg,data/resized_imgs/img_558,"[array([227, 59, 151, 142], dtype=object)]"
111,114,28,/data/cimalab/maling/574/1.jpg,data/resized_imgs/img_115,"[array([216, 78, 170, 124], dtype=object)]"
493,508,404,/data/cimalab/thyroid/381_1.jpg,data/resized_imgs/img_644,"[array([236, 113, 94, 91], dtype=object)]"
269,282,219,/data/cimalab/thyroid/208_1.jpg,data/resized_imgs/img_350,"[array([127, 74, 68, 48], dtype=object), array([389, 83, 84, 54], dtype=object)]"
397,412,320,/data/cimalab/thyroid/30_1.jpg,data/resized_imgs/img_530,"[array([200, 51, 183, 130], dtype=object)]"
401,416,335,/data/cimalab/thyroid/313_1.jpg,data/resized_imgs/img_546,"[array([222, 44, 136, 113], dtype=object)]"
420,435,349,/data/cimalab/thyroid/330_1.jpg,data/resized_imgs/img_567,"[array([385, 91, 68, 98], dtype=object)]"
476,491,389,/data/cimalab/thyroid/367_2.jpg,data/resized_imgs/img_627,"[array([227, 72, 128, 98], dtype=object)]"
105,107,22,/data/cimalab/maling/568/2.jpg,data/resized_imgs/img_108,"[array([226, 83, 73, 73], dtype=object)]"
530,546,437,/data/cimalab/thyroid/52_1.jpg,data/resized_imgs/img_680,"[array([163, 109, 165, 75], dtype=object)]"
387,402,321,/data/cimalab/thyroid/300_1.jpg,data/resized_imgs/img_531,"[array([244, 100, 115, 74], dtype=object)]"
380,395,315,/data/cimalab/thyroid/296_4.jpg,data/resized_imgs/img_524,"[array([131, 63, 155, 139], dtype=object)]"
214,221,155,/data/cimalab/thyroid/15_1.jpg,data/resized_imgs/img_245,"[array([212, 96, 235, 156], dtype=object)]"
301,316,245,/data/cimalab/thyroid/232_1.jpg,data/resized_imgs/img_402,"[array([98, 85, 143, 140], dtype=object), array([284, 71, 215, 127], dtype=object)]"
258,269,207,/data/cimalab/thyroid/198_2.jpg,data/resized_imgs/img_335,"[array([188, 108, 168, 84], dtype=object)]"
574,592,472,/data/cimalab/thyroid/84_1.jpg,data/resized_imgs/img_743,"[array([73, 105, 174, 89], dtype=object), array([365, 108, 122, 94], dtype=object)]"
78,80,5,/data/cimalab/maling/549/2.jpg,data/resized_imgs/img_81,"[array([258, 95, 69, 53], dtype=object)]"
118,121,63,/data/cimalab/maling/610/1.jpg,data/resized_imgs/img_122,"[array([258, 57, 70, 60], dtype=object)]"
53,55,62,/data/cimalab/bening/609/1.jpg,data/resized_imgs/img_55,"[array([270, 103, 79, 63], dtype=object)]"
542,559,448,/data/cimalab/thyroid/62_2.jpg,data/resized_imgs/img_697,"[array([226, 84, 98, 52], dtype=object)]"
202,208,158,/data/cimalab/thyroid/152_1.jpg,data/resized_imgs/img_248,"[array([113, 42, 89, 59], dtype=object), array([331, 43, 96, 59], dtype=object)]"
378,393,315,/data/cimalab/thyroid/296_2.jpg,data/resized_imgs/img_522,"[array([243, 52, 133, 143], dtype=object)]"
463,478,380,/data/cimalab/thyroid/359_2.jpg,data/resized_imgs/img_610,"[array([332, 56, 113, 65], dtype=object), array([255, 111, 50, 32], dtype=object)]"
519,535,426,/data/cimalab/thyroid/42_1.jpg,data/resized_imgs/img_669,"[array([238, 61, 220, 161], dtype=object)]"
306,321,247,/data/cimalab/thyroid/234_3.jpg,data/resized_imgs/img_409,"[array([199, 50, 177, 161], dtype=object)]"
37,39,29,/data/cimalab/bening/575/1.jpg,data/resized_imgs/img_39,"[array([192, 70, 183, 182], dtype=object)]"
275,288,222,/data/cimalab/thyroid/210_3.jpg,data/resized_imgs/img_356,"[array([145, 94, 55, 52], dtype=object), array([396, 91, 58, 49], dtype=object)]"
403,418,336,/data/cimalab/thyroid/314_1.jpg,data/resized_imgs/img_548,"[array([72, 50, 189, 94], dtype=object), array([340, 52, 141, 88], dtype=object)]"
373,388,313,/data/cimalab/thyroid/294_1.jpg,data/resized_imgs/img_519,"[array([253, 109, 65, 78], dtype=object)]"
559,577,460,/data/cimalab/thyroid/73_1.jpg,data/resized_imgs/img_721,"[array([247, 86, 101, 75], dtype=object)]"
425,440,353,/data/cimalab/thyroid/334_1.jpg,data/resized_imgs/img_571,"[array([200, 123, 115, 78], dtype=object)]"
71,73,90,/data/cimalab/bening/640/1.jpg,data/resized_imgs/img_74,"[array([260, 103, 86, 93], dtype=object)]"
592,610,483,/data/cimalab/thyroid/94_1.jpg,data/resized_imgs/img_768,"[array([213, 48, 174, 137], dtype=object)]"
395,410,329,/data/cimalab/thyroid/308_1.jpg,data/resized_imgs/img_539,"[array([197, 84, 162, 76], dtype=object)]"
340,355,281,/data/cimalab/thyroid/265_1.jpg,data/resized_imgs/img_469,"[array([140, 99, 126, 56], dtype=object), array([366, 80, 81, 66], dtype=object)]"
344,359,284,/data/cimalab/thyroid/268_1.jpg,data/resized_imgs/img_475,"[array([159, 101, 56, 38], dtype=object), array([387, 98, 68, 30], dtype=object)]"
309,324,250,/data/cimalab/thyroid/237_1.jpg,data/resized_imgs/img_414,"[array([155, 82, 54, 57], dtype=object), array([392, 77, 69, 58], dtype=object)]"
321,336,262,/data/cimalab/thyroid/248_1.jpg,data/resized_imgs/img_436,"[array([374, 89, 87, 77], dtype=object), array([112, 102, 81, 70], dtype=object)]"
155,158,117,/data/cimalab/thyroid/115_1.jpg,data/resized_imgs/img_169,"[array([147, 68, 61, 45], dtype=object), array([372, 66, 95, 41], dtype=object)]"
230,239,182,/data/cimalab/thyroid/174_1.jpg,data/resized_imgs/img_291,"[array([209, 106, 162, 101], dtype=object)]"
2,3,5,/data/cimalab/bening/549/1.jpg,data/resized_imgs/img_3,"[array([292, 101, 79, 56], dtype=object)]"
312,327,242,/data/cimalab/thyroid/23_1.jpg,data/resized_imgs/img_397,"[array([216, 77, 163, 130], dtype=object)]"
4,5,6,/data/cimalab/bening/550/1.jpg,data/resized_imgs/img_5,"[array([235, 71, 104, 138], dtype=object)]"
152,155,114,/data/cimalab/thyroid/112_1.jpg,data/resized_imgs/img_166,"[array([257, 106, 86, 80], dtype=object)]"
273,286,222,/data/cimalab/thyroid/210_1.jpg,data/resized_imgs/img_358,"[array([247, 99, 58, 37], dtype=object)]"
510,526,418,/data/cimalab/thyroid/396_1.jpg,data/resized_imgs/img_661,"[array([142, 34, 225, 214], dtype=object)]"
521,537,428,/data/cimalab/thyroid/44_1.jpg,data/resized_imgs/img_671,"[array([134, 45, 314, 191], dtype=object)]"
46,48,51,/data/cimalab/bening/597/1.jpg,data/resized_imgs/img_48,"[array([194, 70, 203, 146], dtype=object)]"
233,243,185,/data/cimalab/thyroid/177_1.jpg,data/resized_imgs/img_297,"[array([229, 71, 115, 77], dtype=object)]"
144,147,107,/data/cimalab/thyroid/106_3.jpg,data/resized_imgs/img_156,"[array([258, 72, 70, 51], dtype=object)]"
481,496,393,/data/cimalab/thyroid/371_1.jpg,data/resized_imgs/img_631,"[array([252, 86, 69, 83], dtype=object)]"
115,118,59,/data/cimalab/maling/606/1.jpg,data/resized_imgs/img_119,"[array([195, 44, 214, 204], dtype=object)]"
515,531,319,/data/cimalab/thyroid/3_1.jpg,data/resized_imgs/img_529,"[array([245, 76, 121, 80], dtype=object)]"
469,484,385,/data/cimalab/thyroid/363_1.jpg,data/resized_imgs/img_620,"[array([228, 115, 125, 82], dtype=object)]"
280,294,226,/data/cimalab/thyroid/214_1.jpg,data/resized_imgs/img_367,"[array([111, 32, 151, 126], dtype=object), array([314, 35, 188, 107], dtype=object)]"
17,18,16,/data/cimalab/bening/562/2.jpg,data/resized_imgs/img_18,"[array([260, 62, 88, 129], dtype=object)]"
132,135,89,/data/cimalab/maling/639/1.jpg,data/resized_imgs/img_137,"[array([146, 43, 288, 155], dtype=object)]"
384,399,318,/data/cimalab/thyroid/299_1.jpg,data/resized_imgs/img_528,"[array([206, 79, 171, 99], dtype=object)]"
357,372,286,/data/cimalab/thyroid/27_1.jpg,data/resized_imgs/img_478,"[array([193, 39, 222, 123], dtype=object)]"
360,375,300,/data/cimalab/thyroid/282_1.jpg,data/resized_imgs/img_500,"[array([264, 114, 110, 67], dtype=object)]"
102,104,20,/data/cimalab/maling/566/2.jpg,data/resized_imgs/img_105,"[array([244, 123, 82, 68], dtype=object)]"
335,350,276,/data/cimalab/thyroid/260_1.jpg,data/resized_imgs/img_461,"[array([187, 136, 30, 53], dtype=object), array([381, 130, 83, 50], dtype=object)]"
216,223,168,/data/cimalab/thyroid/161_1.jpg,data/resized_imgs/img_268,"[array([57, 41, 215, 140], dtype=object), array([313, 41, 202, 151], dtype=object)]"
367,382,307,/data/cimalab/thyroid/289_1.jpg,data/resized_imgs/img_511,"[array([229, 46, 193, 121], dtype=object)]"
591,609,482,/data/cimalab/thyroid/93_2.jpg,data/resized_imgs/img_764,"[array([114, 53, 128, 100], dtype=object), array([339, 51, 97, 103], dtype=object)]"
141,144,106,/data/cimalab/thyroid/105_1.jpg,data/resized_imgs/img_151,"[array([99, 54, 112, 80], dtype=object), array([359, 60, 91, 85], dtype=object)]"
437,452,360,/data/cimalab/thyroid/340_1.jpg,data/resized_imgs/img_584,"[array([246, 121, 51, 62], dtype=object)]"
555,573,445,/data/cimalab/thyroid/6_1.jpg,data/resized_imgs/img_690,"[array([298, 99, 87, 69], dtype=object)]"
44,46,36,/data/cimalab/bening/582/2.jpg,data/resized_imgs/img_46,"[array([191, 54, 267, 135], dtype=object)]"
365,380,305,/data/cimalab/thyroid/287_1.jpg,data/resized_imgs/img_508,"[array([87, 60, 148, 110], dtype=object), array([325, 55, 133, 109], dtype=object)]"
136,139,101,/data/cimalab/thyroid/100_1.jpg,data/resized_imgs/img_141,"[array([62, 30, 209, 126], dtype=object), array([294, 24, 203, 110], dtype=object)]"
594,612,485,/data/cimalab/thyroid/96_1.jpg,data/resized_imgs/img_772,"[array([53, 69, 225, 174], dtype=object), array([338, 49, 221, 164], dtype=object)]"
421,436,349,/data/cimalab/thyroid/330_2.jpg,data/resized_imgs/img_566,"[array([271, 72, 100, 143], dtype=object)]"
561,579,462,/data/cimalab/thyroid/75_1.jpg,data/resized_imgs/img_725,"[array([152, 39, 247, 152], dtype=object)]"
543,561,449,/data/cimalab/thyroid/63_1.jpg,data/resized_imgs/img_698,"[array([138, 91, 83, 104], dtype=object), array([367, 91, 117, 82], dtype=object)]"
489,504,399,/data/cimalab/thyroid/377_1.jpg,data/resized_imgs/img_639,"[array([138, 28, 268, 188], dtype=object)]"
190,195,147,/data/cimalab/thyroid/142_1.jpg,data/resized_imgs/img_230,"[array([68, 68, 170, 209], dtype=object), array([308, 46, 200, 200], dtype=object)]"
26,27,20,/data/cimalab/bening/566/1.jpg,data/resized_imgs/img_27,"[array([236, 113, 94, 91], dtype=object)]"
142,145,107,/data/cimalab/thyroid/106_1.jpg,data/resized_imgs/img_153,"[array([162, 87, 88, 75], dtype=object), array([479, 96, 70, 64], dtype=object)]"
601,619,478,/data/cimalab/thyroid/9_1.jpg,data/resized_imgs/img_755,"[array([239, 131, 87, 76], dtype=object)]"
262,273,99,/data/cimalab/thyroid/1_2.jpg,data/resized_imgs/img_194,"[array([136, 35, 283, 261], dtype=object)]"
597,615,486,/data/cimalab/thyroid/97_2.jpg,data/resized_imgs/img_775,"[array([254, 142, 52, 55], dtype=object)]"
43,45,36,/data/cimalab/bening/582/1.jpg,data/resized_imgs/img_45,"[array([213, 42, 116, 132], dtype=object)]"
171,176,122,/data/cimalab/thyroid/12_1.jpg,data/resized_imgs/img_195,"[array([197, 57, 149, 100], dtype=object)]"
432,447,356,/data/cimalab/thyroid/337_3.jpg,data/resized_imgs/img_578,"[array([366, 69, 115, 79], dtype=object)]"
124,127,74,/data/cimalab/maling/622/1.jpg,data/resized_imgs/img_129,"[array([177, 93, 228, 143], dtype=object)]"
545,563,450,/data/cimalab/thyroid/64_2.jpg,data/resized_imgs/img_703,"[array([172, 50, 212, 150], dtype=object)]"
172,177,134,/data/cimalab/thyroid/130_1.jpg,data/resized_imgs/img_204,"[array([144, 36, 259, 171], dtype=object)]"
456,471,375,/data/cimalab/thyroid/354_1.jpg,data/resized_imgs/img_604,"[array([235, 111, 107, 73], dtype=object)]"
180,185,140,/data/cimalab/thyroid/136_1.jpg,data/resized_imgs/img_216,"[array([344, 92, 118, 105], dtype=object), array([60, 87, 140, 104], dtype=object)]"
582,600,467,/data/cimalab/thyroid/8_1.jpg,data/resized_imgs/img_733,"[array([254, 97, 112, 105], dtype=object)]"
427,442,354,/data/cimalab/thyroid/335_1.jpg,data/resized_imgs/img_574,"[array([213, 42, 116, 132], dtype=object)]"
579,597,476,/data/cimalab/thyroid/88_1.jpg,data/resized_imgs/img_751,"[array([169, 42, 225, 218], dtype=object)]"
439,454,362,/data/cimalab/thyroid/342_1.jpg,data/resized_imgs/img_586,"[array([139, 78, 330, 156], dtype=object)]"
261,272,99,/data/cimalab/thyroid/1_1.jpg,data/resized_imgs/img_193,"[array([133, 35, 288, 261], dtype=object)]"
125,128,75,/data/cimalab/maling/623/1.jpg,data/resized_imgs/img_130,"[array([170, 74, 171, 130], dtype=object)]"
502,518,402,/data/cimalab/thyroid/38_1.jpg,data/resized_imgs/img_642,"[array([131, 45, 319, 172], dtype=object)]"
482,497,393,/data/cimalab/thyroid/371_2.jpg,data/resized_imgs/img_632,"[array([252, 103, 84, 86], dtype=object)]"
289,303,235,/data/cimalab/thyroid/223_1.jpg,data/resized_imgs/img_381,"[array([385, 83, 72, 57], dtype=object), array([156, 113, 71, 65], dtype=object)]"
195,201,151,/data/cimalab/thyroid/146_2.jpg,data/resized_imgs/img_239,"[array([163, 45, 213, 168], dtype=object)]"
75,77,1,/data/cimalab/maling/545/1.jpg,data/resized_imgs/img_78,"[array([385, 91, 68, 98], dtype=object)]"
173,178,134,/data/cimalab/thyroid/130_2.jpg,data/resized_imgs/img_203,"[array([214, 39, 203, 178], dtype=object)]"
485,500,395,/data/cimalab/thyroid/373_2.jpg,data/resized_imgs/img_635,"[array([229, 110, 86, 81], dtype=object)]"
51,53,60,/data/cimalab/bening/607/1.jpg,data/resized_imgs/img_53,"[array([134, 36, 331, 209], dtype=object)]"
300,315,244,/data/cimalab/thyroid/231_1.jpg,data/resized_imgs/img_400,"[array([38, 36, 230, 156], dtype=object), array([300, 56, 189, 166], dtype=object)]"
532,549,440,/data/cimalab/thyroid/55_1.jpg,data/resized_imgs/img_682,"[array([198, 101, 117, 61], dtype=object)]"
584,602,479,/data/cimalab/thyroid/90_2.jpg,data/resized_imgs/img_757,"[array([124, 78, 304, 223], dtype=object)]"
547,565,451,/data/cimalab/thyroid/65_1.jpg,data/resized_imgs/img_705,"[array([241, 61, 107, 140], dtype=object)]"
57,59,65,/data/cimalab/bening/612/1.jpg,data/resized_imgs/img_59,"[array([237, 132, 59, 37], dtype=object)]"
163,167,125,/data/cimalab/thyroid/122_2.jpg,data/resized_imgs/img_183,"[array([72, 54, 209, 121], dtype=object), array([362, 57, 132, 125], dtype=object)]"
426,441,353,/data/cimalab/thyroid/334_2.jpg,data/resized_imgs/img_572,"[array([223, 100, 94, 77], dtype=object)]"
220,227,171,/data/cimalab/thyroid/164_1.jpg,data/resized_imgs/img_275,"[array([132, 109, 64, 81], dtype=object), array([360, 112, 117, 77], dtype=object)]"
458,473,377,/data/cimalab/thyroid/356_1.jpg,data/resized_imgs/img_606,"[array([183, 91, 235, 149], dtype=object)]"
288,302,234,/data/cimalab/thyroid/222_1.jpg,data/resized_imgs/img_379,"[array([97, 38, 141, 101], dtype=object), array([328, 44, 125, 93], dtype=object)]"
558,576,459,/data/cimalab/thyroid/72_1.jpg,data/resized_imgs/img_719,"[array([94, 100, 182, 144], dtype=object), array([325, 92, 153, 149], dtype=object)]"
93,95,17,/data/cimalab/maling/563/1.jpg,data/resized_imgs/img_96,"[array([214, 91, 75, 58], dtype=object)]"
99,101,18,/data/cimalab/maling/564/5.jpg,data/resized_imgs/img_102,"[array([199, 44, 160, 124], dtype=object)]"
474,489,388,/data/cimalab/thyroid/366_3.jpg,data/resized_imgs/img_623,"[array([173, 57, 202, 142], dtype=object)]"
587,605,481,/data/cimalab/thyroid/92_2.jpg,data/resized_imgs/img_759,"[array([205, 117, 120, 92], dtype=object)]"
129,132,81,/data/cimalab/maling/631/1.jpg,data/resized_imgs/img_134,"[array([198, 37, 118, 131], dtype=object)]"
431,446,356,/data/cimalab/thyroid/337_2.jpg,data/resized_imgs/img_576,"[array([204, 66, 160, 166], dtype=object)]"
148,151,110,/data/cimalab/thyroid/109_1.jpg,data/resized_imgs/img_161,"[array([197, 127, 103, 75], dtype=object)]"
393,408,327,/data/cimalab/thyroid/306_1.jpg,data/resized_imgs/img_537,"[array([331, 83, 110, 90], dtype=object)]"
84,86,7,/data/cimalab/maling/551/3.jpg,data/resized_imgs/img_87,"[array([261, 121, 59, 79], dtype=object)]"
455,470,374,/data/cimalab/thyroid/353_2.jpg,data/resized_imgs/img_602,"[array([129, 27, 235, 173], dtype=object)]"
222,231,175,/data/cimalab/thyroid/168_1.jpg,data/resized_imgs/img_279,"[array([345, 78, 117, 93], dtype=object), array([127, 82, 129, 97], dtype=object)]"
228,237,181,/data/cimalab/thyroid/173_1.jpg,data/resized_imgs/img_289,"[array([70, 54, 225, 149], dtype=object), array([366, 74, 166, 121], dtype=object)]"
91,93,16,/data/cimalab/maling/562/1.jpg,data/resized_imgs/img_94,"[array([202, 52, 163, 103], dtype=object)]"
28,29,21,/data/cimalab/bening/567/1.jpg,data/resized_imgs/img_29,"[array([249, 75, 56, 95], dtype=object)]"
575,593,473,/data/cimalab/thyroid/85_1.jpg,data/resized_imgs/img_746,"[array([224, 61, 241, 172], dtype=object)]"
72,74,94,/data/cimalab/bening/644/1.jpg,data/resized_imgs/img_75,"[array([197, 96, 209, 93], dtype=object)]"
415,430,344,/data/cimalab/thyroid/321_1.jpg,data/resized_imgs/img_561,"[array([177, 93, 228, 143], dtype=object)]"
416,431,345,/data/cimalab/thyroid/323_1.jpg,data/resized_imgs/img_562,"[array([147, 54, 290, 128], dtype=object)]"
500,515,409,/data/cimalab/thyroid/387_2.jpg,data/resized_imgs/img_650,"[array([236, 121, 63, 50], dtype=object)]"
307,322,248,/data/cimalab/thyroid/235_1.jpg,data/resized_imgs/img_410,"[array([388, 74, 67, 69], dtype=object), array([111, 77, 130, 75], dtype=object)]"
266,278,215,/data/cimalab/thyroid/204_1.jpg,data/resized_imgs/img_346,"[array([221, 131, 166, 118], dtype=object)]"
154,157,116,/data/cimalab/thyroid/114_2.jpg,data/resized_imgs/img_168,"[array([231, 82, 89, 84], dtype=object)]"
368,383,297,/data/cimalab/thyroid/28_1.jpg,data/resized_imgs/img_495,"[array([199, 61, 158, 164], dtype=object)]"
200,206,156,/data/cimalab/thyroid/150_1.jpg,data/resized_imgs/img_246,"[array([147, 54, 290, 128], dtype=object)]"
528,544,435,/data/cimalab/thyroid/50_1.jpg,data/resized_imgs/img_678,"[array([199, 69, 204, 140], dtype=object)]"
499,514,409,/data/cimalab/thyroid/387_1.jpg,data/resized_imgs/img_651,"[array([273, 145, 57, 53], dtype=object)]"
182,187,142,/data/cimalab/thyroid/138_1.jpg,data/resized_imgs/img_219,"[array([115, 76, 164, 136], dtype=object), array([385, 93, 170, 126], dtype=object)]"
175,180,136,/data/cimalab/thyroid/132_1.jpg,data/resized_imgs/img_207,"[array([171, 116, 63, 78], dtype=object), array([448, 94, 82, 75], dtype=object)]"
569,587,468,/data/cimalab/thyroid/80_2.jpg,data/resized_imgs/img_736,"[array([257, 57, 87, 74], dtype=object)]"
305,320,247,/data/cimalab/thyroid/234_2.jpg,data/resized_imgs/img_408,"[array([203, 50, 168, 159], dtype=object)]"
527,543,422,/data/cimalab/thyroid/4_1.jpg,data/resized_imgs/img_665,"[array([159, 70, 260, 150], dtype=object)]"
375,390,313,/data/cimalab/thyroid/294_3.jpg,data/resized_imgs/img_517,"[array([261, 121, 59, 79], dtype=object)]"
554,572,455,/data/cimalab/thyroid/69_3.jpg,data/resized_imgs/img_710,"[array([250, 110, 80, 45], dtype=object)]"
544,562,450,/data/cimalab/thyroid/64_1.jpg,data/resized_imgs/img_701,"[array([93, 65, 202, 116], dtype=object), array([362, 56, 193, 141], dtype=object)]"
343,358,283,/data/cimalab/thyroid/267_1.jpg,data/resized_imgs/img_474,"[array([221, 68, 227, 184], dtype=object)]"
389,404,323,/data/cimalab/thyroid/302_1.jpg,data/resized_imgs/img_533,"[array([236, 59, 107, 52], dtype=object)]"
508,524,417,/data/cimalab/thyroid/395_1.jpg,data/resized_imgs/img_660,"[array([202, 52, 163, 103], dtype=object)]"
292,306,237,/data/cimalab/thyroid/225_2.jpg,data/resized_imgs/img_385,"[array([80, 41, 178, 92], dtype=object), array([349, 38, 124, 91], dtype=object)]"
80,82,6,/data/cimalab/maling/550/2.jpg,data/resized_imgs/img_83,"[array([204, 66, 160, 166], dtype=object)]"
303,318,246,/data/cimalab/thyroid/233_2.jpg,data/resized_imgs/img_405,"[array([130, 27, 312, 164], dtype=object)]"
342,357,282,/data/cimalab/thyroid/266_2.jpg,data/resized_imgs/img_473,"[array([219, 73, 137, 76], dtype=object)]"
556,574,457,/data/cimalab/thyroid/70_1.jpg,data/resized_imgs/img_715,"[array([70, 49, 203, 207], dtype=object), array([279, 57, 241, 212], dtype=object)]"
337,352,278,/data/cimalab/thyroid/262_1.jpg,data/resized_imgs/img_464,"[array([115, 51, 98, 70], dtype=object), array([342, 51, 107, 68], dtype=object)]"
563,581,463,/data/cimalab/thyroid/76_1.jpg,data/resized_imgs/img_726,"[array([213, 127, 97, 44], dtype=object)]"
63,65,75,/data/cimalab/bening/623/1.jpg,data/resized_imgs/img_66,"[array([170, 74, 171, 130], dtype=object)]"
586,604,481,/data/cimalab/thyroid/92_1.jpg,data/resized_imgs/img_762,"[array([129, 139, 124, 98], dtype=object), array([408, 121, 124, 95], dtype=object)]"
61,63,71,/data/cimalab/bening/619/1.jpg,data/resized_imgs/img_64,"[array([264, 85, 92, 131], dtype=object)]"
351,366,291,/data/cimalab/thyroid/274_1.jpg,data/resized_imgs/img_485,"[array([137, 114, 40, 59], dtype=object), array([413, 117, 45, 53], dtype=object)]"
443,458,366,/data/cimalab/thyroid/346_1.jpg,data/resized_imgs/img_590,"[array([197, 92, 177, 133], dtype=object)]"
472,487,388,/data/cimalab/thyroid/366_1.jpg,data/resized_imgs/img_625,"[array([167, 72, 270, 157], dtype=object)]"
541,558,448,/data/cimalab/thyroid/62_1.jpg,data/resized_imgs/img_695,"[array([138, 101, 124, 65], dtype=object), array([405, 98, 111, 64], dtype=object)]"
366,381,306,/data/cimalab/thyroid/288_1.jpg,data/resized_imgs/img_510,"[array([237, 132, 59, 37], dtype=object)]"
279,293,225,/data/cimalab/thyroid/213_3.jpg,data/resized_imgs/img_364,"[array([203, 44, 192, 146], dtype=object)]"
281,295,227,/data/cimalab/thyroid/215_1.jpg,data/resized_imgs/img_369,"[array([64, 41, 207, 122], dtype=object), array([331, 39, 132, 114], dtype=object)]"
473,488,388,/data/cimalab/thyroid/366_2.jpg,data/resized_imgs/img_624,"[array([213, 89, 179, 178], dtype=object)]"
81,83,6,/data/cimalab/maling/550/3.jpg,data/resized_imgs/img_84,"[array([366, 69, 115, 79], dtype=object)]"
441,456,364,/data/cimalab/thyroid/344_1.jpg,data/resized_imgs/img_588,"[array([146, 43, 288, 155], dtype=object)]"
186,191,143,/data/cimalab/thyroid/139_3.jpg,data/resized_imgs/img_224,"[array([103, 60, 139, 70], dtype=object)]"
8,9,7,/data/cimalab/bening/551/2.jpg,data/resized_imgs/img_9,"[array([252, 116, 61, 82], dtype=object)]"
85,87,8,/data/cimalab/maling/552/1.jpg,data/resized_imgs/img_88,"[array([227, 59, 151, 142], dtype=object)]"
383,398,317,/data/cimalab/thyroid/298_1.jpg,data/resized_imgs/img_527,"[array([238, 73, 157, 181], dtype=object)]"
364,379,304,/data/cimalab/thyroid/286_1.jpg,data/resized_imgs/img_506,"[array([140, 108, 79, 71], dtype=object), array([362, 103, 64, 75], dtype=object)]"
484,499,395,/data/cimalab/thyroid/373_1.jpg,data/resized_imgs/img_634,"[array([220, 93, 126, 121], dtype=object)]"
96,98,18,/data/cimalab/maling/564/2.jpg,data/resized_imgs/img_99,"[array([243, 52, 133, 143], dtype=object)]"
267,280,217,/data/cimalab/thyroid/206_1.jpg,data/resized_imgs/img_347,"[array([154, 91, 52, 64], dtype=object), array([392, 93, 62, 61], dtype=object)]"
156,159,118,/data/cimalab/thyroid/116_1.jpg,data/resized_imgs/img_171,"[array([163, 133, 67, 65], dtype=object), array([452, 176, 68, 59], dtype=object)]"
386,401,209,/data/cimalab/thyroid/2_1.jpg,data/resized_imgs/img_338,"[array([159, 69, 224, 176], dtype=object)]"
316,331,257,/data/cimalab/thyroid/243_1.jpg,data/resized_imgs/img_426,"[array([383, 118, 88, 91], dtype=object), array([78, 119, 150, 82], dtype=object)]"
121,124,68,/data/cimalab/maling/616/1.jpg,data/resized_imgs/img_125,"[array([72, 50, 189, 94], dtype=object), array([340, 52, 141, 88], dtype=object)]"
538,555,434,/data/cimalab/thyroid/5_1.jpg,data/resized_imgs/img_677,"[array([227, 85, 124, 128], dtype=object)]"
211,218,164,/data/cimalab/thyroid/158_2.jpg,data/resized_imgs/img_261,"[array([247, 139, 85, 85], dtype=object)]"
317,332,258,/data/cimalab/thyroid/244_1.jpg,data/resized_imgs/img_428,"[array([111, 102, 123, 136], dtype=object), array([335, 111, 184, 125], dtype=object)]"
377,392,315,/data/cimalab/thyroid/296_1.jpg,data/resized_imgs/img_523,"[array([170, 62, 116, 127], dtype=object)]"
356,371,296,/data/cimalab/thyroid/279_1.jpg,data/resized_imgs/img_493,"[array([74, 55, 149, 162], dtype=object), array([310, 58, 202, 186], dtype=object)]"
164,168,126,/data/cimalab/thyroid/123_1.jpg,data/resized_imgs/img_185,"[array([67, 39, 191, 92], dtype=object), array([368, 46, 138, 98], dtype=object)]"
459,474,378,/data/cimalab/thyroid/357_1.jpg,data/resized_imgs/img_607,"[array([213, 37, 146, 97], dtype=object)]"
549,567,452,/data/cimalab/thyroid/66_1.jpg,data/resized_imgs/img_706,"[array([124, 48, 228, 81], dtype=object)]"
234,244,185,/data/cimalab/thyroid/177_2.jpg,data/resized_imgs/img_296,"[array([210, 66, 190, 63], dtype=object)]"
179,184,139,/data/cimalab/thyroid/135_1.jpg,data/resized_imgs/img_214,"[array([337, 125, 103, 120], dtype=object), array([94, 97, 133, 131], dtype=object)]"
69,71,88,/data/cimalab/bening/638/1.jpg,data/resized_imgs/img_72,"[array([207, 84, 170, 147], dtype=object)]"
271,284,220,/data/cimalab/thyroid/209_2.jpg,data/resized_imgs/img_354,"[array([200, 100, 204, 100], dtype=object)]"
567,585,456,/data/cimalab/thyroid/7_1.jpg,data/resized_imgs/img_714,"[array([208, 85, 129, 72], dtype=object)]"
23,24,18,/data/cimalab/bening/564/4.jpg,data/resized_imgs/img_24,"[array([131, 63, 155, 139], dtype=object)]"
362,377,302,/data/cimalab/thyroid/284_1.jpg,data/resized_imgs/img_503,"[array([85, 43, 126, 93], dtype=object), array([332, 51, 189, 104], dtype=object)]"
564,582,464,/data/cimalab/thyroid/77_1.jpg,data/resized_imgs/img_727,"[array([70, 47, 189, 121], dtype=object), array([354, 48, 167, 104], dtype=object)]"
58,60,66,/data/cimalab/bening/613/1.jpg,data/resized_imgs/img_60,"[array([229, 46, 193, 121], dtype=object)]"
553,571,455,/data/cimalab/thyroid/69_2.jpg,data/resized_imgs/img_711,"[array([235, 131, 69, 41], dtype=object)]"
487,502,397,/data/cimalab/thyroid/375_1.jpg,data/resized_imgs/img_637,"[array([257, 84, 178, 191], dtype=object)]"
265,276,213,/data/cimalab/thyroid/202_1.jpg,data/resized_imgs/img_344,"[array([115, 114, 88, 64], dtype=object), array([364, 120, 70, 61], dtype=object)]"
551,569,454,/data/cimalab/thyroid/68_1.jpg,data/resized_imgs/img_708,"[array([104, 67, 129, 106], dtype=object), array([338, 70, 133, 112], dtype=object)]"
438,453,361,/data/cimalab/thyroid/341_1.jpg,data/resized_imgs/img_585,"[array([184, 62, 158, 74], dtype=object)]"
92,94,16,/data/cimalab/maling/562/2.jpg,data/resized_imgs/img_95,"[array([260, 62, 88, 129], dtype=object)]"
506,522,415,/data/cimalab/thyroid/392_1.jpg,data/resized_imgs/img_657,"[array([249, 75, 56, 95], dtype=object)]"
399,414,333,/data/cimalab/thyroid/311_1.jpg,data/resized_imgs/img_544,"[array([247, 72, 93, 87], dtype=object)]"
468,483,384,/data/cimalab/thyroid/362_1.jpg,data/resized_imgs/img_619,"[array([165, 80, 138, 93], dtype=object)]"
147,150,109,/data/cimalab/thyroid/108_1.jpg,data/resized_imgs/img_160,"[array([237, 82, 111, 70], dtype=object)]"
251,261,200,/data/cimalab/thyroid/190_1.jpg,data/resized_imgs/img_324,"[array([205, 89, 127, 83], dtype=object)]"
212,219,164,/data/cimalab/thyroid/158_3.jpg,data/resized_imgs/img_263,"[array([228, 176, 74, 43], dtype=object)]"
465,480,382,/data/cimalab/thyroid/360_1.jpg,data/resized_imgs/img_617,"[array([201, 86, 159, 95], dtype=object)]"
276,289,223,/data/cimalab/thyroid/211_1.jpg,data/resized_imgs/img_360,"[array([116, 66, 112, 139], dtype=object), array([326, 68, 163, 126], dtype=object)]"
418,433,347,/data/cimalab/thyroid/329_1.jpg,data/resized_imgs/img_564,"[array([150, 37, 276, 252], dtype=object)]"
514,530,412,/data/cimalab/thyroid/39_1.jpg,data/resized_imgs/img_653,"[array([210, 49, 184, 140], dtype=object)]"
12,13,9,/data/cimalab/bening/554/1.jpg,data/resized_imgs/img_13,"[array([259, 95, 60, 70], dtype=object)]"
430,445,356,/data/cimalab/thyroid/337_1.jpg,data/resized_imgs/img_577,"[array([235, 71, 104, 138], dtype=object)]"
374,389,313,/data/cimalab/thyroid/294_2.jpg,data/resized_imgs/img_518,"[array([252, 116, 61, 82], dtype=object)]"
260,271,199,/data/cimalab/thyroid/19_1.jpg,data/resized_imgs/img_323,"[array([256, 98, 93, 97], dtype=object)]"
491,506,401,/data/cimalab/thyroid/379_1.jpg,data/resized_imgs/img_641,"[array([133, 41, 287, 198], dtype=object)]"
54,56,63,/data/cimalab/bening/610/1.jpg,data/resized_imgs/img_56,"[array([258, 57, 70, 60], dtype=object)]"
526,542,433,/data/cimalab/thyroid/49_1.jpg,data/resized_imgs/img_676,"[array([258, 119, 105, 70], dtype=object)]"
150,153,112,/data/cimalab/thyroid/110_1.jpg,data/resized_imgs/img_163,"[array([98, 84, 112, 60], dtype=object), array([371, 78, 65, 57], dtype=object)]"
331,346,272,/data/cimalab/thyroid/257_1.jpg,data/resized_imgs/img_454,"[array([50, 40, 199, 109], dtype=object), array([344, 41, 140, 116], dtype=object)]"
578,596,475,/data/cimalab/thyroid/87_1.jpg,data/resized_imgs/img_749,"[array([141, 139, 67, 49], dtype=object), array([413, 146, 46, 47], dtype=object)]"
537,554,444,/data/cimalab/thyroid/59_1.jpg,data/resized_imgs/img_688,"[array([55, 34, 175, 142], dtype=object), array([303, 27, 161, 150], dtype=object)]"
106,109,23,/data/cimalab/maling/569/2.jpg,data/resized_imgs/img_109,"[array([250, 91, 77, 76], dtype=object)]"
231,240,183,/data/cimalab/thyroid/175_1.jpg,data/resized_imgs/img_294,"[array([90, 99, 157, 96], dtype=object), array([355, 108, 94, 89], dtype=object)]"
237,247,177,/data/cimalab/thyroid/17_1.jpg,data/resized_imgs/img_282,"[array([188, 71, 194, 203], dtype=object)]"
398,413,332,/data/cimalab/thyroid/310_1.jpg,data/resized_imgs/img_543,"[array([250, 80, 161, 139], dtype=object)]"
24,25,18,/data/cimalab/bening/564/5.jpg,data/resized_imgs/img_25,"[array([199, 44, 160, 124], dtype=object)]"
299,313,243,/data/cimalab/thyroid/230_1.jpg,data/resized_imgs/img_398,"[array([423, 66, 83, 83], dtype=object), array([167, 53, 99, 91], dtype=object)]"
509,525,417,/data/cimalab/thyroid/395_2.jpg,data/resized_imgs/img_659,"[array([260, 62, 88, 129], dtype=object)]"
371,386,311,/data/cimalab/thyroid/292_1.jpg,data/resized_imgs/img_515,"[array([229, 88, 175, 95], dtype=object)]"
548,566,451,/data/cimalab/thyroid/65_2.jpg,data/resized_imgs/img_704,"[array([167, 75, 274, 153], dtype=object)]"
82,84,7,/data/cimalab/maling/551/1.jpg,data/resized_imgs/img_85,"[array([253, 109, 65, 78], dtype=object)]"
486,501,396,/data/cimalab/thyroid/374_1.jpg,data/resized_imgs/img_636,"[array([198, 37, 118, 131], dtype=object)]"
507,523,416,/data/cimalab/thyroid/394_1.jpg,data/resized_imgs/img_658,"[array([146, 34, 264, 194], dtype=object)]"
101,103,20,/data/cimalab/maling/566/1.jpg,data/resized_imgs/img_104,"[array([236, 113, 94, 91], dtype=object)]"
76,78,1,/data/cimalab/maling/545/2.jpg,data/resized_imgs/img_79,"[array([271, 72, 100, 143], dtype=object)]"
291,305,237,/data/cimalab/thyroid/225_1.jpg,data/resized_imgs/img_387,"[array([95, 67, 148, 67], dtype=object), array([368, 61, 108, 92], dtype=object)]"
282,296,228,/data/cimalab/thyroid/216_1.jpg,data/resized_imgs/img_371,"[array([242, 166, 72, 72], dtype=object)]"
470,485,386,/data/cimalab/thyroid/364_1.jpg,data/resized_imgs/img_621,"[array([205, 46, 149, 164], dtype=object)]"
338,353,279,/data/cimalab/thyroid/263_1.jpg,data/resized_imgs/img_466,"[array([130, 67, 107, 90], dtype=object), array([333, 60, 112, 83], dtype=object)]"
112,115,30,/data/cimalab/maling/576/1.jpg,data/resized_imgs/img_116,"[array([162, 42, 284, 228], dtype=object)]"
524,540,431,/data/cimalab/thyroid/47_1.jpg,data/resized_imgs/img_674,"[array([157, 30, 256, 215], dtype=object)]"
464,479,370,/data/cimalab/thyroid/35_1.jpg,data/resized_imgs/img_596,"[array([264, 121, 65, 73], dtype=object)]"
246,256,196,/data/cimalab/thyroid/187_1.jpg,data/resized_imgs/img_316,"[array([144, 161, 54, 44], dtype=object), array([372, 156, 49, 48], dtype=object)]"
145,148,107,/data/cimalab/thyroid/106_4.jpg,data/resized_imgs/img_157,"[array([268, 92, 60, 49], dtype=object)]"
283,297,229,/data/cimalab/thyroid/217_1.jpg,data/resized_imgs/img_372,"[array([76, 48, 183, 129], dtype=object), array([307, 57, 176, 123], dtype=object)]"
369,384,309,/data/cimalab/thyroid/290_1.jpg,data/resized_imgs/img_513,"[array([197, 49, 196, 201], dtype=object)]"
495,510,405,/data/cimalab/thyroid/382_1.jpg,data/resized_imgs/img_646,"[array([211, 51, 211, 130], dtype=object)]"
110,113,26,/data/cimalab/maling/572/1.jpg,data/resized_imgs/img_114,"[array([181, 64, 177, 171], dtype=object)]"
577,595,474,/data/cimalab/thyroid/86_1.jpg,data/resized_imgs/img_747,"[array([97, 97, 120, 85], dtype=object), array([353, 84, 97, 84], dtype=object)]"
90,92,15,/data/cimalab/maling/561/2.jpg,data/resized_imgs/img_93,"[array([189, 37, 184, 146], dtype=object)]"
205,211,161,/data/cimalab/thyroid/155_1.jpg,data/resized_imgs/img_253,"[array([128, 112, 79, 83], dtype=object), array([369, 96, 83, 83], dtype=object)]"
170,175,132,/data/cimalab/thyroid/129_2.jpg,data/resized_imgs/img_198,"[array([91, 63, 131, 94], dtype=object), array([298, 66, 117, 95], dtype=object)]"
109,112,25,/data/cimalab/maling/571/2.jpg,data/resized_imgs/img_112,"[array([104, 323, 109, 71], dtype=object), array([264, 140, 116, 73], dtype=object)]"
232,241,183,/data/cimalab/thyroid/175_2.jpg,data/resized_imgs/img_292,"[array([84, 50, 163, 120], dtype=object), array([310, 42, 144, 110], dtype=object)]"
56,58,64,/data/cimalab/bening/611/2.jpg,data/resized_imgs/img_58,"[array([214, 39, 203, 178], dtype=object)]"
241,251,192,/data/cimalab/thyroid/183_1.jpg,data/resized_imgs/img_308,"[array([134, 48, 283, 238], dtype=object)]"
87,89,9,/data/cimalab/maling/554/1.jpg,data/resized_imgs/img_90,"[array([259, 95, 60, 70], dtype=object)]"
346,361,275,/data/cimalab/thyroid/26_1.jpg,data/resized_imgs/img_460,"[array([261, 109, 110, 83], dtype=object)]"
97,99,18,/data/cimalab/maling/564/3.jpg,data/resized_imgs/img_100,"[array([195, 43, 97, 120], dtype=object)]"
516,532,424,/data/cimalab/thyroid/400_1.jpg,data/resized_imgs/img_667,"[array([207, 84, 170, 147], dtype=object)]"
116,119,61,/data/cimalab/maling/608/1.jpg,data/resized_imgs/img_120,"[array([197, 49, 196, 201], dtype=object)]"
201,207,157,/data/cimalab/thyroid/151_1.jpg,data/resized_imgs/img_247,"[array([154, 30, 275, 195], dtype=object)]"
525,541,432,/data/cimalab/thyroid/48_1.jpg,data/resized_imgs/img_675,"[array([209, 56, 217, 207], dtype=object)]"
323,338,253,/data/cimalab/thyroid/24_1.jpg,data/resized_imgs/img_420,"[array([239, 51, 121, 134], dtype=object)]"
480,495,392,/data/cimalab/thyroid/370_1.jpg,data/resized_imgs/img_630,"[array([166, 48, 256, 207], dtype=object)]"
236,246,187,/data/cimalab/thyroid/179_1.jpg,data/resized_imgs/img_299,"[array([78, 71, 154, 123], dtype=object), array([335, 79, 180, 108], dtype=object)]"
213,220,165,/data/cimalab/thyroid/159_1.jpg,data/resized_imgs/img_264,"[array([88, 35, 177, 116], dtype=object), array([304, 36, 146, 120], dtype=object)]"
448,463,359,/data/cimalab/thyroid/34_1.jpg,data/resized_imgs/img_583,"[array([247, 90, 104, 90], dtype=object)]"
396,411,330,/data/cimalab/thyroid/309_1.jpg,data/resized_imgs/img_540,"[array([252, 114, 91, 61], dtype=object), array([358, 103, 82, 104], dtype=object)]"
435,450,358,/data/cimalab/thyroid/339_1.jpg,data/resized_imgs/img_582,"[array([210, 79, 170, 129], dtype=object)]"
498,513,408,/data/cimalab/thyroid/386_1.jpg,data/resized_imgs/img_649,"[array([179, 46, 211, 138], dtype=object)]"
461,476,379,/data/cimalab/thyroid/358_2.jpg,data/resized_imgs/img_609,"[array([253, 108, 121, 84], dtype=object)]"
451,466,372,/data/cimalab/thyroid/351_1.jpg,data/resized_imgs/img_600,"[array([273, 65, 57, 93], dtype=object)]"
598,616,487,/data/cimalab/thyroid/98_1.jpg,data/resized_imgs/img_776,"[array([112, 83, 151, 123], dtype=object), array([331, 66, 143, 134], dtype=object)]"
296,310,240,/data/cimalab/thyroid/228_1.jpg,data/resized_imgs/img_394,"[array([197, 50, 225, 232], dtype=object)]"
225,234,178,/data/cimalab/thyroid/170_1.jpg,data/resized_imgs/img_283,"[array([128, 67, 58, 47], dtype=object), array([379, 87, 77, 41], dtype=object)]"
572,590,470,/data/cimalab/thyroid/82_1.jpg,data/resized_imgs/img_739,"[array([118, 99, 77, 61], dtype=object), array([380, 100, 75, 58], dtype=object)]"
89,91,15,/data/cimalab/maling/561/1.jpg,data/resized_imgs/img_92,"[array([169, 29, 275, 162], dtype=object)]"
358,373,298,/data/cimalab/thyroid/280_1.jpg,data/resized_imgs/img_496,"[array([93, 83, 146, 143], dtype=object), array([339, 84, 171, 128], dtype=object)]"
557,575,458,/data/cimalab/thyroid/71_1.jpg,data/resized_imgs/img_717,"[array([137, 99, 86, 53], dtype=object), array([402, 96, 44, 51], dtype=object)]"
453,468,373,/data/cimalab/thyroid/352_1.jpg,data/resized_imgs/img_601,"[array([227, 105, 145, 85], dtype=object)]"
581,599,477,/data/cimalab/thyroid/89_1.jpg,data/resized_imgs/img_753,"[array([100, 119, 122, 101], dtype=object), array([338, 103, 127, 98], dtype=object)]"
513,529,421,/data/cimalab/thyroid/399_1.jpg,data/resized_imgs/img_664,"[array([254, 110, 50, 59], dtype=object)]"
19,20,17,/data/cimalab/bening/563/2.jpg,data/resized_imgs/img_20,"[array([227, 72, 128, 98], dtype=object)]"
14,15,15,/data/cimalab/bening/561/1.jpg,data/resized_imgs/img_15,"[array([169, 29, 275, 162], dtype=object)]"
252,262,201,/data/cimalab/thyroid/192_1.jpg,data/resized_imgs/img_325,"[array([108, 42, 103, 73], dtype=object), array([377, 50, 88, 62], dtype=object)]"
406,421,338,/data/cimalab/thyroid/316_1.jpg,data/resized_imgs/img_552,"[array([236, 112, 93, 66], dtype=object)]"
328,343,269,/data/cimalab/thyroid/254_1.jpg,data/resized_imgs/img_448,"[array([313, 43, 204, 181], dtype=object), array([35, 43, 246, 187], dtype=object)]"
120,123,66,/data/cimalab/maling/613/1.jpg,data/resized_imgs/img_124,"[array([229, 46, 193, 121], dtype=object)]"
332,347,273,/data/cimalab/thyroid/258_1.jpg,data/resized_imgs/img_456,"[array([341, 70, 75, 79], dtype=object), array([113, 71, 134, 72], dtype=object)]"
285,299,221,/data/cimalab/thyroid/21_1.jpg,data/resized_imgs/img_355,"[array([165, 64, 243, 170], dtype=object)]"
333,348,274,/data/cimalab/thyroid/259_1.jpg,data/resized_imgs/img_458,"[array([151, 100, 66, 34], dtype=object), array([389, 102, 37, 38], dtype=object)]"
42,44,33,/data/cimalab/bening/579/1.jpg,data/resized_imgs/img_44,"[array([179, 46, 211, 138], dtype=object)]"
196,202,152,/data/cimalab/thyroid/147_1.jpg,data/resized_imgs/img_240,"[array([77, 26, 179, 135], dtype=object), array([306, 28, 199, 140], dtype=object)]"
462,477,380,/data/cimalab/thyroid/359_1.jpg,data/resized_imgs/img_612,"[array([222, 90, 30, 38], dtype=object), array([320, 79, 41, 84], dtype=object), array([277, 100, 34, 61], dtype=object)]"
33,35,25,/data/cimalab/bening/571/1.jpg,data/resized_imgs/img_34,"[array([254, 145, 79, 67], dtype=object)]"
250,260,188,/data/cimalab/thyroid/18_1.jpg,data/resized_imgs/img_301,"[array([243, 134, 72, 49], dtype=object)]"
227,236,180,/data/cimalab/thyroid/172_1.jpg,data/resized_imgs/img_287,"[array([262, 118, 88, 55], dtype=object)]"
392,407,326,/data/cimalab/thyroid/305_1.jpg,data/resized_imgs/img_536,"[array([278, 136, 68, 67], dtype=object)]"
467,482,383,/data/cimalab/thyroid/361_1.jpg,data/resized_imgs/img_618,"[array([158, 60, 273, 172], dtype=object)]"
596,614,486,/data/cimalab/thyroid/97_1.jpg,data/resized_imgs/img_774,"[array([211, 126, 83, 63], dtype=object)]"
550,568,453,/data/cimalab/thyroid/67_1.jpg,data/resized_imgs/img_707,"[array([240, 127, 113, 85], dtype=object)]"
400,415,334,/data/cimalab/thyroid/312_1.jpg,data/resized_imgs/img_545,"[array([256, 157, 76, 50], dtype=object)]"
290,304,236,/data/cimalab/thyroid/224_1.jpg,data/resized_imgs/img_383,"[array([63, 63, 191, 142], dtype=object), array([303, 49, 181, 152], dtype=object)]"
310,325,251,/data/cimalab/thyroid/238_1.jpg,data/resized_imgs/img_416,"[array([107, 59, 123, 92], dtype=object), array([335, 45, 85, 82], dtype=object)]"
16,17,16,/data/cimalab/bening/562/1.jpg,data/resized_imgs/img_17,"[array([202, 52, 163, 103], dtype=object)]"
158,161,120,/data/cimalab/thyroid/118_1.jpg,data/resized_imgs/img_175,"[array([82, 36, 197, 156], dtype=object), array([287, 30, 234, 128], dtype=object)]"
243,253,193,/data/cimalab/thyroid/184_1.jpg,data/resized_imgs/img_310,"[array([121, 95, 125, 99], dtype=object), array([351, 90, 100, 93], dtype=object)]"
66,68,79,/data/cimalab/bening/629/1.jpg,data/resized_imgs/img_69,"[array([260, 89, 77, 82], dtype=object)]"
146,149,108,/data/cimalab/thyroid/107_1.jpg,data/resized_imgs/img_158,"[array([389, 101, 70, 43], dtype=object), array([116, 113, 80, 45], dtype=object)]"
359,374,299,/data/cimalab/thyroid/281_1.jpg,data/resized_imgs/img_498,"[array([34, 59, 214, 191], dtype=object), array([338, 46, 160, 175], dtype=object)]"
566,584,466,/data/cimalab/thyroid/79_1.jpg,data/resized_imgs/img_731,"[array([122, 82, 83, 69], dtype=object), array([332, 84, 90, 68], dtype=object)]"
119,122,65,/data/cimalab/maling/612/1.jpg,data/resized_imgs/img_123,"[array([237, 132, 59, 37], dtype=object)]"
140,143,105,/data/cimalab/thyroid/104_1.jpg,data/resized_imgs/img_149,"[array([128, 78, 139, 120], dtype=object), array([386, 54, 141, 129], dtype=object)]"
65,67,77,/data/cimalab/bening/625/1.jpg,data/resized_imgs/img_68,"[array([246, 121, 51, 62], dtype=object)]"
238,248,189,/data/cimalab/thyroid/180_1.jpg,data/resized_imgs/img_302,"[array([150, 76, 62, 72], dtype=object), array([388, 76, 39, 83], dtype=object)]"
9,10,7,/data/cimalab/bening/551/3.jpg,data/resized_imgs/img_10,"[array([261, 121, 59, 79], dtype=object)]"
518,534,425,/data/cimalab/thyroid/41_1.jpg,data/resized_imgs/img_668,"[array([181, 64, 229, 105], dtype=object)]"
18,19,17,/data/cimalab/bening/563/1.jpg,data/resized_imgs/img_19,"[array([214, 91, 75, 58], dtype=object)]"
408,423,339,/data/cimalab/thyroid/317_2.jpg,data/resized_imgs/img_554,"[array([247, 113, 103, 64], dtype=object)]"
153,156,115,/data/cimalab/thyroid/113_1.jpg,data/resized_imgs/img_167,"[array([235, 100, 101, 51], dtype=object)]"
517,533,423,/data/cimalab/thyroid/40_1.jpg,data/resized_imgs/img_666,"[array([253, 77, 92, 98], dtype=object)]"
479,494,381,/data/cimalab/thyroid/36_1.jpg,data/resized_imgs/img_615,"[array([183, 40, 215, 166], dtype=object)]"
466,481,382,/data/cimalab/thyroid/360_2.jpg,data/resized_imgs/img_616,"[array([222, 93, 123, 101], dtype=object)]"
256,266,205,/data/cimalab/thyroid/196_1.jpg,data/resized_imgs/img_331,"[array([338, 102, 133, 92], dtype=object), array([103, 87, 113, 90], dtype=object)]"
311,326,252,/data/cimalab/thyroid/239_1.jpg,data/resized_imgs/img_418,"[array([122, 85, 88, 51], dtype=object), array([364, 87, 77, 51], dtype=object)]"
434,449,357,/data/cimalab/thyroid/338_2.jpg,data/resized_imgs/img_579,"[array([104, 323, 109, 71], dtype=object), array([264, 140, 116, 73], dtype=object)]"
304,319,247,/data/cimalab/thyroid/234_1.jpg,data/resized_imgs/img_406,"[array([112, 64, 158, 164], dtype=object), array([393, 64, 150, 133], dtype=object)]"
272,285,210,/data/cimalab/thyroid/20_1.jpg,data/resized_imgs/img_339,"[array([238, 68, 97, 69], dtype=object)]"
560,578,461,/data/cimalab/thyroid/74_1.jpg,data/resized_imgs/img_722,"[array([356, 68, 104, 50], dtype=object), array([127, 78, 90, 45], dtype=object)]"
413,428,331,/data/cimalab/thyroid/31_1.jpg,data/resized_imgs/img_542,"[array([235, 108, 67, 45], dtype=object)]"
133,136,90,/data/cimalab/maling/640/1.jpg,data/resized_imgs/img_138,"[array([260, 103, 86, 93], dtype=object)]"
31,33,23,/data/cimalab/bening/569/2.jpg,data/resized_imgs/img_32,"[array([250, 91, 77, 76], dtype=object)]"
253,263,202,/data/cimalab/thyroid/193_1.jpg,data/resized_imgs/img_327,"[array([172, 51, 253, 177], dtype=object)]"
270,283,220,/data/cimalab/thyroid/209_1.jpg,data/resized_imgs/img_352,"[array([84, 41, 196, 124], dtype=object), array([326, 31, 132, 122], dtype=object)]"
161,165,124,/data/cimalab/thyroid/121_1.jpg,data/resized_imgs/img_179,"[array([289, 81, 133, 95], dtype=object), array([90, 75, 148, 96], dtype=object)]"
339,354,280,/data/cimalab/thyroid/264_1.jpg,data/resized_imgs/img_468,"[array([206, 71, 194, 187], dtype=object)]"
286,300,232,/data/cimalab/thyroid/220_1.jpg,data/resized_imgs/img_376,"[array([218, 50, 160, 201], dtype=object)]"
497,512,407,/data/cimalab/thyroid/384_1.jpg,data/resized_imgs/img_648,"[array([220, 121, 96, 65], dtype=object)]"
471,486,387,/data/cimalab/thyroid/365_1.jpg,data/resized_imgs/img_622,"[array([168, 84, 284, 194], dtype=object)]"
478,493,391,/data/cimalab/thyroid/369_1.jpg,data/resized_imgs/img_629,"[array([185, 103, 185, 117], dtype=object)]"
341,356,282,/data/cimalab/thyroid/266_1.jpg,data/resized_imgs/img_471,"[array([114, 80, 114, 49], dtype=object), array([330, 61, 114, 64], dtype=object)]"
336,351,277,/data/cimalab/thyroid/261_1.jpg,data/resized_imgs/img_463,"[array([338, 118, 130, 115], dtype=object)]"
151,154,113,/data/cimalab/thyroid/111_1.jpg,data/resized_imgs/img_165,"[array([276, 113, 82, 50], dtype=object)]"
1,2,1,/data/cimalab/bening/545/2.jpg,data/resized_imgs/img_2,"[array([271, 72, 100, 143], dtype=object)]"
224,233,166,/data/cimalab/thyroid/16_1.jpg,data/resized_imgs/img_266,"[array([156, 59, 264, 157], dtype=object)]"
207,213,162,/data/cimalab/thyroid/156_2.jpg,data/resized_imgs/img_255,"[array([125, 76, 344, 147], dtype=object)]"
429,444,355,/data/cimalab/thyroid/336_2.jpg,data/resized_imgs/img_575,"[array([253, 44, 163, 160], dtype=object)]"
117,120,62,/data/cimalab/maling/609/1.jpg,data/resized_imgs/img_121,"[array([270, 103, 79, 63], dtype=object)]"
552,570,455,/data/cimalab/thyroid/69_1.jpg,data/resized_imgs/img_712,"[array([413, 153, 62, 50], dtype=object), array([137, 139, 73, 49], dtype=object)]"
388,403,322,/data/cimalab/thyroid/301_1.jpg,data/resized_imgs/img_532,"[array([258, 57, 70, 60], dtype=object)]"
494,509,404,/data/cimalab/thyroid/381_2.jpg,data/resized_imgs/img_645,"[array([244, 123, 82, 68], dtype=object)]"
504,520,414,/data/cimalab/thyroid/391_1.jpg,data/resized_imgs/img_655,"[array([220, 114, 155, 75], dtype=object)]"
264,275,212,/data/cimalab/thyroid/201_1.jpg,data/resized_imgs/img_342,"[array([99, 34, 152, 99], dtype=object), array([329, 37, 184, 106], dtype=object)]"
274,287,222,/data/cimalab/thyroid/210_2.jpg,data/resized_imgs/img_359,"[array([251, 102, 44, 27], dtype=object)]"
407,422,339,/data/cimalab/thyroid/317_1.jpg,data/resized_imgs/img_553,"[array([131, 107, 269, 132], dtype=object)]"
70,72,89,/data/cimalab/bening/639/1.jpg,data/resized_imgs/img_73,"[array([146, 43, 288, 155], dtype=object)]"
128,131,79,/data/cimalab/maling/629/1.jpg,data/resized_imgs/img_133,"[array([260, 89, 77, 82], dtype=object)]"
444,459,367,/data/cimalab/thyroid/347_1.jpg,data/resized_imgs/img_591,"[array([192, 70, 183, 182], dtype=object)]"
546,564,450,/data/cimalab/thyroid/64_3.jpg,data/resized_imgs/img_700,"[array([173, 70, 205, 140], dtype=object)]"
98,100,18,/data/cimalab/maling/564/4.jpg,data/resized_imgs/img_101,"[array([131, 63, 155, 139], dtype=object)]"
512,528,420,/data/cimalab/thyroid/398_1.jpg,data/resized_imgs/img_663,"[array([264, 85, 92, 131], dtype=object)]"
21,22,18,/data/cimalab/bening/564/2.jpg,data/resized_imgs/img_22,"[array([243, 52, 133, 143], dtype=object)]"
193,199,150,/data/cimalab/thyroid/145_1.jpg,data/resized_imgs/img_235,"[array([124, 87, 136, 90], dtype=object), array([363, 90, 105, 84], dtype=object)]"
414,429,343,/data/cimalab/thyroid/320_1.jpg,data/resized_imgs/img_560,"[array([270, 103, 79, 63], dtype=object)]"
5,6,6,/data/cimalab/bening/550/2.jpg,data/resized_imgs/img_6,"[array([204, 66, 160, 166], dtype=object)]"
149,152,100,/data/cimalab/thyroid/10_1.jpg,data/resized_imgs/img_162,"[array([277, 79, 115, 94], dtype=object)]"
313,328,254,/data/cimalab/thyroid/240_1.jpg,data/resized_imgs/img_421,"[array([99, 91, 158, 108], dtype=object), array([326, 87, 139, 99], dtype=object)]"
379,394,315,/data/cimalab/thyroid/296_3.jpg,data/resized_imgs/img_521,"[array([195, 43, 97, 120], dtype=object)]"
135,138,96,/data/cimalab/maling/646/1.jpg,data/resized_imgs/img_140,"[array([133, 41, 287, 198], dtype=object)]"
354,369,294,/data/cimalab/thyroid/277_1.jpg,data/resized_imgs/img_490,"[array([310, 88, 95, 79], dtype=object)]"
345,360,285,/data/cimalab/thyroid/269_1.jpg,data/resized_imgs/img_477,"[array([209, 121, 149, 80], dtype=object)]"
565,583,465,/data/cimalab/thyroid/78_1.jpg,data/resized_imgs/img_729,"[array([69, 52, 210, 166], dtype=object), array([287, 46, 213, 153], dtype=object)]"
404,419,337,/data/cimalab/thyroid/315_1.jpg,data/resized_imgs/img_550,"[array([243, 126, 102, 53], dtype=object)]"
52,54,61,/data/cimalab/bening/608/1.jpg,data/resized_imgs/img_54,"[array([197, 49, 196, 201], dtype=object)]"
327,342,268,/data/cimalab/thyroid/253_1.jpg,data/resized_imgs/img_446,"[array([322, 82, 168, 120], dtype=object), array([71, 85, 192, 137], dtype=object)]"
198,204,154,/data/cimalab/thyroid/149_1.jpg,data/resized_imgs/img_243,"[array([78, 63, 154, 127], dtype=object), array([363, 70, 149, 120], dtype=object)]"
412,427,341,/data/cimalab/thyroid/319_2.jpg,data/resized_imgs/img_557,"[array([197, 46, 148, 99], dtype=object)]"
122,125,70,/data/cimalab/maling/618/1.jpg,data/resized_imgs/img_127,"[array([236, 59, 107, 52], dtype=object)]"
203,209,159,/data/cimalab/thyroid/153_1.jpg,data/resized_imgs/img_250,"[array([240, 81, 75, 50], dtype=object)]"
67,69,81,/data/cimalab/bening/631/1.jpg,data/resized_imgs/img_70,"[array([198, 37, 118, 131], dtype=object)]"
223,232,176,/data/cimalab/thyroid/169_1.jpg,data/resized_imgs/img_281,"[array([226, 90, 132, 134], dtype=object)]"
127,130,77,/data/cimalab/maling/625/1.jpg,data/resized_imgs/img_132,"[array([246, 121, 51, 62], dtype=object)]"
143,146,107,/data/cimalab/thyroid/106_2.jpg,data/resized_imgs/img_155,"[array([311, 77, 62, 49], dtype=object)]"
326,341,267,/data/cimalab/thyroid/252_1.jpg,data/resized_imgs/img_445,"[array([178, 64, 140, 75], dtype=object)]"
535,552,443,/data/cimalab/thyroid/58_1.jpg,data/resized_imgs/img_686,"[array([172, 94, 77, 46], dtype=object), array([438, 95, 65, 46], dtype=object)]"
350,365,290,/data/cimalab/thyroid/273_1.jpg,data/resized_imgs/img_483,"[array([327, 45, 136, 115], dtype=object), array([122, 54, 123, 109], dtype=object)]"
139,142,104,/data/cimalab/thyroid/103_1.jpg,data/resized_imgs/img_147,"[array([143, 73, 82, 56], dtype=object), array([356, 67, 73, 56], dtype=object)]"
417,432,346,/data/cimalab/thyroid/326_1.jpg,data/resized_imgs/img_563,"[array([147, 54, 290, 128], dtype=object)]"
454,469,374,/data/cimalab/thyroid/353_1.jpg,data/resized_imgs/img_603,"[array([162, 42, 284, 228], dtype=object)]"
218,225,170,/data/cimalab/thyroid/163_1.jpg,data/resized_imgs/img_272,"[array([359, 110, 90, 66], dtype=object), array([123, 112, 116, 52], dtype=object)]"
